attempt,completed,duration_s,failed,input_length_mismatches,input_throughput_tps,mean_e2e_ms,mean_itl_ms,mean_max_tbt_ms,mean_tpot_ms,mean_ttft_ms,mode,multi_token_chunks,output_length_mismatches,output_throughput_tps,p50_e2e_ms,p50_itl_ms,p50_max_tbt_ms,p50_tpot_ms,p50_ttft_ms,p90_e2e_ms,p90_itl_ms,p90_max_tbt_ms,p90_tpot_ms,p90_ttft_ms,p95_e2e_ms,p95_itl_ms,p95_max_tbt_ms,p95_tpot_ms,p95_ttft_ms,p99_e2e_ms,p99_itl_ms,p99_max_tbt_ms,p99_tpot_ms,p99_ttft_ms,request_rate_rps,request_throughput_rps,requests,run_id,scenario,seed,serial_tpot_drift_warning,serial_tpot_first_mean_ms,serial_tpot_last_mean_ms,serial_tpot_relative_drift,throughput_valid,token_timing_exact,total_throughput_tps
0,300,80.60243479099972,0,0,476.4124073865799,47088.330476279974,15.50703044341533,184.15183016332472,15.506926759338517,31224.74440147667,saturation,1,0,3811.299259092639,49448.52418749951,15.72993829716512,191.14057549995778,15.72993829716512,33280.35182800022,80546.35008709974,15.901715506549628,209.32970600042609,15.901674971945006,66119.95041799964,80556.87389085033,15.967717543401173,209.624884300365,15.967717543401173,66308.70710239948,80567.19430536027,15.973149999354444,209.96262672959347,15.973149999354444,66465.95785273948,inf,3.7219719327076555,300,20260813T114402.094359-g1-198d1004428e5dbebab7,decode_heavy,1,,,,,True,False,4287.711666479219
0,300,78.33377850700072,0,0,490.2099800607497,45834.80330405997,15.071556902743602,177.24278958338496,15.071455434118588,30416.704394956654,saturation,1,0,3921.6798404859974,48115.93035599981,15.294417788856684,186.62702949950472,15.294417788856684,32475.42660499994,78280.81006270112,15.455397525611858,188.02790800036746,15.455397525611858,64303.33852049953,78291.60477235063,15.456022208992383,188.3393881491429,15.456022208992383,64482.476630149176,78300.54929317093,15.57052994470849,188.9714481593728,15.540393763079473,64634.65391964992,inf,3.829765469224607,300,20260813T115129.405742-g1-8ddcd18ca55e0dd13f2e,decode_heavy,2,,,,,True,False,4411.889820546747
0,300,78.2162473999997,0,0,490.94659072074256,45783.45703267666,15.052296059201808,176.6795837799873,15.052194644594358,30385.061911256635,saturation,2,0,3927.5727257659405,48063.85810999927,15.28642561339138,185.7286140002543,15.28642561339138,32447.491979500228,78167.94119689893,15.451493368036093,188.0774085993835,15.451493368036093,64248.88598149919,78178.74433774978,15.455253105180294,188.48482005014375,15.455253105180294,64428.18250350038,78188.30610692943,15.562098883661907,188.67362149007022,15.531978745249218,64580.34298420082,inf,3.8355202400058013,300,20260813T115509.292101-g1-c06f210bde27f04de44d,decode_heavy,3,,,,,True,False,4418.519316486683
0,300,53.06585293399985,0,0,2894.516746787026,32237.693054269974,19.866750523152817,199.85649707333627,19.866613757358156,22085.853424259956,saturation,1,0,2894.516746787026,33686.93914749929,20.56568268590963,202.66633900064335,20.56568268590963,23103.310064499965,52950.32138530024,20.78462041526395,203.70164880096127,20.78462041526395,44677.56449450044,53000.282258199244,20.94941159706554,203.87902940083222,20.926375594126597,45477.876285250204,53034.02418480087,21.232799740802424,204.3421987788679,21.232799740802424,46066.33134682002,inf,5.65335302106841,300,20260813T115848.037661-g1-3e28f157deb13b030da7,balanced,1,,,,,True,False,5789.033493574052
0,300,53.33508340099979,0,0,2879.9054994469307,32461.947598643354,19.94945746427773,202.7301419765778,19.94890346148716,22268.057929823415,saturation,3,0,2879.9054994469307,33899.9051185001,20.6830020792567,201.81404399954772,20.6830020792567,23354.245556500246,53211.78454199908,20.834246381606874,220.35980139953608,20.834246381606874,44922.01701039958,53260.9127338993,21.0187799908014,220.66550810031913,21.0187799908014,45719.60840104857,53293.516939698966,21.280164908197914,220.9344278513163,21.280164908197914,46305.3062340894,inf,5.6248154286072864,300,20260813T120106.408898-g1-19e41dc1fbeef74aecc0,balanced,2,,,,,True,False,5759.810998893861
0,300,53.1194262099998,0,0,2891.5974994301537,32234.950620119977,19.887224715462235,199.60556929997134,19.88695275100452,22072.717764356665,saturation,1,0,2891.5974994301537,33683.95157499981,20.551099944226905,201.62177749898547,20.551099944226905,23130.076839499452,53007.89959580088,20.812739999804933,204.90680799994152,20.812413021918054,44662.33770609888,53058.10839854912,20.9104186426598,205.0252947991794,20.9104186426598,45460.251240050005,53092.38599405031,21.230946397238267,205.4447095510477,21.230946397238267,46053.420637419535,inf,5.647651366074519,300,20260813T120324.767013-g1-a3bbe173a28cd1d33807,balanced,3,,,,,True,False,5783.194998860307
0,300,40.5811954740002,0,0,7570.008631136033,26462.002802896663,58.36545179349108,212.17379691000437,58.36545179349108,19049.590425123297,saturation,0,0,946.2510788920041,27376.887124999485,63.36200442913787,213.2204545005152,63.36200442913787,19206.04501300022,40345.962375000636,64.33809854724826,216.78865539943217,64.33809854724826,35523.11683860026,40447.86347625077,64.36886515196699,217.07093824943513,64.36886515196699,37192.177332349456,40519.02616792937,66.4028329768494,217.27300206939617,66.4028329768494,38465.33432671948,inf,7.392586553843782,300,20260813T120542.151621-g1-1bb90a686975365eccd3,prefill_heavy,1,,,,,True,True,8516.259710028036
0,300,40.70712444600031,0,0,7546.590533740932,26509.672946093422,58.47302003476554,213.14046257331333,58.47135209496093,19083.81123003338,saturation,1,0,943.3238167176165,27322.934476001137,62.896433972435794,214.42586999910418,62.896433972435794,19214.621006501147,40476.47302380028,64.28561224409665,218.03887719997874,64.28561224409665,35561.32939570053,40577.4307132504,64.53766637125915,218.14604110013534,64.53766637125915,37267.06108550034,40647.20303710981,66.70527480621807,218.26181891106899,66.70527480621807,38568.11861715099,inf,7.369717318106379,300,20260813T120704.685809-g1-62a1559185992bdf09b7,prefill_heavy,2,,,,,True,False,8489.914350458548
0,300,40.54469601200071,0,0,7576.823363259961,26493.025131186743,58.30840963993276,212.08707191006397,58.30676106367458,19088.06647610007,saturation,1,0,947.1029204074952,27421.139874500113,63.43188152755815,214.98390049964655,63.43188152755815,19260.923369999546,40320.09598089953,64.30805943937159,216.26992620022065,64.30805943937159,35599.01447210032,40421.807843049915,64.47628399488082,216.51947345017106,64.47628399488082,37224.586191300026,40491.97125923962,66.57146518260848,216.60375642073632,66.57146518260848,38472.649869189954,inf,7.399241565683556,300,20260813T120828.246865-g1-d278b7dfd3963b248229,prefill_heavy,3,,,,,True,False,8523.926283667457
0,100,1094.7300388450003,0,0,11.69238035479934,10947.231798899902,10.683905300156358,13.074665649892268,10.683905300156358,17.596676839948486,serial,0,0,93.53904283839472,10935.894747499333,10.672903048874684,12.27694799854362,10.672903048874684,17.64239149997593,11052.751834999617,10.786782005180468,17.46165530057624,10.786782005180468,18.22954320068675,11111.856105249626,10.843905950293081,19.052953350001186,10.843905950293081,18.607186850749713,11139.088659440058,10.871156588406153,21.813909360735128,10.871156588406153,19.11241202034944,inf,0.09134672152186984,100,20260813T122505.420140-g1-cf93e740a731ac362dca,decode_heavy,1,False,10.640819090615842,10.816009646333741,0.0163976140555397,True,True,105.23142319319406
0,100,1092.4967748140007,0,0,11.716281727403013,10924.869863760068,10.661751444496678,12.978923720002058,10.661751444496678,17.89813603996663,serial,0,0,93.7302538192241,10923.612091500218,10.660859535679249,12.342970000645437,10.660859535679249,17.853049500445195,10991.787723699781,10.727776086608824,13.968869399832323,10.727776086608824,18.82344439964072,11061.360867300027,10.795961911681948,19.13269300039246,10.795961911681948,19.35232460036786,11081.272210090046,10.812689061720782,21.933785699529835,10.812689061720782,20.517706760492732,inf,0.09153345099533604,100,20260813T124616.573119-g1-d3fb19fba8e2b97abc49,decode_heavy,2,False,10.65368551642274,10.66389271573814,0.0009573660921037364,True,True,105.44653554662712
0,100,1092.638481856,0,0,11.714762213259597,10926.309087749887,10.66327128711618,12.748443910004426,10.66327128711618,17.78256103003514,serial,0,0,93.71809770607678,10923.315480499696,10.65957742912938,12.256450499990024,10.65957742912938,17.645357999754196,11006.66493009976,10.742123588367408,13.730981399930897,10.742123588367408,18.696262398952967,11027.341694599181,10.762361195454265,15.337156749683341,10.762361195454265,19.099449599434593,11068.73167285983,10.801310343979173,22.837909019926887,10.801310343979173,19.94123259142725,inf,0.0915215797910906,100,20260813T130714.781064-g1-19d2598ac36744320311,decode_heavy,3,False,10.664894339198616,10.657359278885645,0.0007066368387415535,True,True,105.43285991933637
0,100,550.8965200399998,0,0,92.93941445896671,5508.766470910014,10.679785012231086,12.992639640033303,10.679785012231086,51.3963296599286,serial,0,0,92.93941445896671,5500.840466000227,10.663557529355188,12.052636500811786,10.663557529355188,51.127656000062416,5571.599325099851,10.801916929159248,17.11092559980898,10.801916929159248,53.1970823998563,5624.1223034497125,10.906489848044291,20.08366485042643,10.906489848044291,53.86008699961167,5690.631872260128,11.035122912992309,22.729625448428123,11.035122912992309,55.0370925308016,inf,0.18152229386516935,100,20260813T132813.566815-g1-43fb55fc97cb97b28bc9,balanced,1,False,10.653775638551908,10.666036796869072,0.0011480716421840122,True,True,185.87882891793342
0,100,549.3656843909994,0,0,93.1983949029468,5493.592594809979,10.651374013131246,12.24540565001007,10.651374013131246,50.74047409991181,serial,0,0,93.1983949029468,5493.659108000429,10.651597224070834,11.973554999713087,10.651597224070834,50.586463999934494,5501.914505298737,10.666189538356514,12.528548900445458,10.666189538356514,51.775049900425074,5505.808404299842,10.674725453425106,12.84084625012837,10.674725453425106,52.01269160015727,5544.684523449378,10.751303180761397,21.27313421044164,10.751303180761397,52.486006120525424,inf,0.18202811504481797,100,20260813T133901.232742-g1-f62d28b3659471336927,balanced,2,False,10.66083666790544,10.64832768532359,0.0011744008394060554,True,True,186.3967898058936
0,100,553.4963879679999,0,0,92.50286201137793,5534.892280159984,10.731406520978778,12.517227419939445,10.731406520978778,51.14354793982784,serial,0,0,92.50286201137793,5532.437621499412,10.72594700391554,12.123866999900201,10.72594700391554,51.08589149949694,5581.525616900035,10.823712562036762,12.870668600589852,10.823712562036762,52.117997698587715,5603.545965949434,10.867184738845292,14.423876399541765,10.867184738845292,52.43618090016753,5638.049905988773,10.931000386104989,20.987922411568434,10.931000386104989,53.41562175097353,inf,0.18066965236597252,100,20260813T140034.351892-g1-c1cb111e235f7c505681,balanced,3,False,10.720469886300794,10.763777439921872,0.004035589699860551,True,True,185.00572402275586
0,100,146.20988334499998,0,0,700.3630510967221,1462.0282740199584,10.750034599054278,12.187328200107004,10.750034599054278,96.77387994006494,serial,0,0,87.54538138709026,1458.7464959986391,10.72665914172802,11.7878050004947,10.72665914172802,96.30863599977602,1483.4770465993643,10.917595585828897,12.83493369937787,10.917595585828897,99.25440180086298,1512.5331294487296,11.119001851185153,14.13744095088986,11.119001851185153,100.0714249491466,1539.2804392784094,11.277126382196377,20.27841329017975,11.277126382196377,104.4677276398943,inf,0.6839482920866427,100,20260813T141125.357832-g1-53b952572cabb5819bfd,prefill_heavy,1,False,10.839196550396297,10.72161675668993,0.010937620025586833,True,True,787.9084324838124
0,100,145.86395856799936,0,0,702.0240024012704,1458.5707383200133,10.722811174016137,11.891590539889876,10.722811174016137,96.77371921996382,serial,0,0,87.7530003001588,1458.4148439989804,10.72172440943564,11.53858600082458,10.72172440943564,96.6860735006776,1460.242083500998,10.73378019212923,12.530691398933413,10.73378019212923,97.84470690028684,1460.552446600559,10.736008629900189,12.768140851221686,10.736008629900189,98.58750710282038,1461.1686810379615,10.743405636904775,20.57294029258628,10.743405636904775,99.00409006131667,inf,0.6855703148449906,100,20260813T141436.953788-g1-82e75948dc31d089edba,prefill_heavy,2,False,10.71999341023281,10.726072598432854,0.0005669397792600324,True,True,789.7770027014293
0,100,145.80316223499904,0,0,702.3167291458071,1457.9636186499192,10.720100917557623,11.929218849982135,10.720100917557623,96.51080212010129,serial,0,0,87.78959114322589,1458.117598998797,10.721474759843051,11.464388500826317,10.721474759843051,96.37207299965667,1459.8730834983144,10.734676081873065,12.364616899867542,10.734676081873065,97.40238929916814,1460.84112059998,10.738295064949465,15.113658052177922,10.738295064949465,97.89782254756574,1463.1026958585426,10.755298939616546,18.152099440812897,10.755298939616546,98.6258291194099,inf,0.6858561808064523,100,20260813T141747.426398-g1-e435746c0ba0fd6be0ba,prefill_heavy,3,False,10.721809799999722,10.726770925990193,0.00046278724693213624,True,True,790.1063202890331
